{
    "count": 400624,
    "mean": 0.001441973800823718,
    "std": 0.011914234001121788,
    "rmse": 0.012001177453722967,
    "median": 0.001556396484375,
    "within_0_02": 0.9155642198170854,
    "outliers_10": 0
}