{
    "count": 400624,
    "mean": 0.0010397133485754533,
    "std": 0.021954346499060452,
    "rmse": 0.02197895206892299,
    "median": 0.0010852813720703125,
    "within_0_02": 0.7579650744838052,
    "outliers_10": 0
}