{
    "count": 400624,
    "mean": 0.0010535262054640806,
    "std": 0.01101666745709055,
    "rmse": 0.011066927275703834,
    "median": 0.0009021759033203125,
    "within_0_02": 0.9363567834178681,
    "outliers_10": 0
}