{"count": 400624, "mean": 0.001053526210225025, "std": 0.011016667470048298, "rmse": 0.011066927289055959, "median": 0.0009021759033203125, "within_0_02": 0.9363567834178681}