{"count": 400624, "mean": 0.0014419738032041903, "std": 0.011914234001681892, "rmse": 0.012001177454565033, "median": 0.001556396484375, "within_0_02": 0.9155642198170854}