{
    "count": 400624,
    "mean": 0.0003111191277515584,
    "std": 0.007175543819208389,
    "rmse": 0.007182285444970325,
    "median": 0.000469207763671875,
    "within_0_02": 0.9872998122928232,
    "outliers_10": 0
}