{"count": 400624, "mean": 0.0006509782326355249, "std": 0.009606890751618642, "rmse": 0.009628921153114771, "median": 0.0009212493896484375, "within_0_02": 0.961310355844882}