{
    "count": 800000,
    "mean": -0.0014036643551662564,
    "std": 0.02164839580655098,
    "rmse": 0.02169385738670826,
    "median": -0.00188446044921875,
    "within_0_02": 0.752055,
    "outliers_10": 0
}