{
    "count": 800000,
    "mean": -0.0005324725643731654,
    "std": 0.014227191917598248,
    "rmse": 0.01423715427517891,
    "median": -0.0005340576171875,
    "within_0_02": 0.88105125,
    "outliers_10": 0
}