{
    "count": 800000,
    "mean": 0.001301115145906806,
    "std": 0.014110756106674671,
    "rmse": 0.014170615002512932,
    "median": 0.001781463623046875,
    "within_0_02": 0.87075,
    "outliers_10": 0
}