{
    "count": 300469,
    "mean": 0.000910707564611562,
    "std": 0.011000950971048345,
    "rmse": 0.011038582813733393,
    "median": 0.0008016089632292278,
    "within_0_02": 0.9366124292356283,
    "outliers_10": 0
}