{
    "count": 300469,
    "mean": 0.00025358559488220114,
    "std": 0.00716287064072418,
    "rmse": 0.007167358053681998,
    "median": 0.0004201051306154113,
    "within_0_02": 0.9873664171678276,
    "outliers_10": 0
}