{
    "count": 600000,
    "mean": 0.0011128780897706747,
    "std": 0.014123460277915001,
    "rmse": 0.01416723895817995,
    "median": 0.0016494307201355696,
    "within_0_02": 0.8707116666666667,
    "outliers_10": 0
}