{
    "count": 300469,
    "mean": 0.0005513810171473903,
    "std": 0.02194794214725921,
    "rmse": 0.021954867012248278,
    "median": 0.0007692799263168126,
    "within_0_02": 0.7592363937710712,
    "outliers_10": 0
}