{
    "count": 600000,
    "mean": -0.0018033168744295835,
    "std": 0.021688003093004227,
    "rmse": 0.021762844175100327,
    "median": -0.0021352465264499187,
    "within_0_02": 0.7513683333333333,
    "outliers_10": 0
}