{
    "count": 600000,
    "mean": -0.0007073641754686832,
    "std": 0.014275521039962769,
    "rmse": 0.014293036423623562,
    "median": -0.0006686878041364253,
    "within_0_02": 0.8809133333333333,
    "outliers_10": 0
}