{
    "count": 300469,
    "mean": 0.0005647704893798379,
    "std": 0.00960284309349557,
    "rmse": 0.009619436635477667,
    "median": 0.0008385724067920819,
    "within_0_02": 0.9612039844376624,
    "outliers_10": 0
}