{
    "count": 300469,
    "mean": 0.0013177945019962464,
    "std": 0.011906516308329286,
    "rmse": 0.011979220047649298,
    "median": 0.0014472817711066455,
    "within_0_02": 0.9157450519021929,
    "outliers_10": 0
}